epoch,split,loss,score_mean,score_std,grad_norm,lr,mae,rmse,r2,pearson
1,train,0.903452863295873,0.5297144651412964,0.393113374710083,6.047974526882172,0.005,0.0,0.0,0.0,0.0
2,train,0.7475768501559893,0.47103509306907654,0.14097866415977478,1.869355874756972,0.0049987664009143295,0.0,0.0,0.0,0.0
3,train,0.7474006985624632,0.5384923219680786,0.0787973627448082,1.5831755213439465,0.00499506682107068,0.0,0.0,0.0,0.0
4,train,0.7377494896451632,0.46881505846977234,0.08514530211687088,1.6760100424289703,0.004988904911507701,0.0,0.0,0.0,0.0
5,train,0.7392471730709076,0.45485740900039673,0.06840837001800537,1.9011645143230755,0.004980286753286196,0.0,0.0,0.0,0.0
6,train,0.7780992264548937,0.4576326608657837,0.1428031176328659,1.9070204279075067,0.004969220851487845,0.0,0.0,0.0,0.0
7,train,0.7813109631339709,0.571586549282074,0.14501960575580597,2.1789527696867785,0.004955718126821723,0.0,0.0,0.0,0.0
8,train,0.7634402352074782,0.452701598405838,0.0988454669713974,1.7815279799203079,0.004939791904846869,0.0,0.0,0.0,0.0
9,train,0.7629764676094055,0.48636919260025024,0.0976247563958168,1.7251910989483197,0.004921457902821578,0.0,0.0,0.0,0.0
10,train,0.7620858003695806,0.5782068967819214,0.08393775671720505,1.8696610182523727,0.004900734214192358,0.0,0.0,0.0,0.0
11,train,0.7454545646905899,0.5035232901573181,0.0652725100517273,1.4574708435684443,0.004877641290737884,0.0,0.0,0.0,0.0
12,train,0.7506927847862244,0.44808897376060486,0.07592002302408218,1.1145012782265742,0.004852201922385563,0.0,0.0,0.0,0.0
13,train,0.7356439332167307,0.4840267598628998,0.05011442303657532,1.264083129664262,0.004824441214720628,0.0,0.0,0.0,0.0
14,train,0.7440576702356339,0.4832155704498291,0.03950238227844238,0.9441365972161293,0.004794386564209952,0.0,0.0,0.0,0.0
15,train,0.7426748499274254,0.5441710948944092,0.034644436091184616,1.0892820994680126,0.004762067631165048,0.0,0.0,0.0,0.0
16,train,0.7339915099243323,0.4108898937702179,0.03975006192922592,1.6689607513447602,0.004727516310470919,0.0,0.0,0.0,0.0
17,train,0.7701331923405329,0.6343217492103577,0.09100639820098877,1.9379119575023651,0.0046907667001096585,0.0,0.0,0.0,0.0
18,train,0.7502347578605016,0.39224496483802795,0.05266904458403587,1.36170422208185,0.004651855067509859,0.0,0.0,0.0,0.0
19,train,0.7183531144013008,0.5115315318107605,0.048692815005779266,1.2990552617702633,0.004610819813755038,0.0,0.0,0.0,0.0
20,train,0.7457355707883835,0.4823343753814697,0.06286884099245071,1.6077026096948732,0.004567701435686405,0.0,0.0,0.0,0.0
21,train,0.7474076474706332,0.43336713314056396,0.05214010924100876,1.0710984158795327,0.004522542485937369,0.0,0.0,0.0,0.0
22,train,0.7248252779245377,0.5598970651626587,0.047853488475084305,1.316143064449231,0.004475387530939226,0.0,0.0,0.0,0.0
23,train,0.7572064598401388,0.4061141610145569,0.04654359817504883,1.3765687197446823,0.004426283106939473,0.0,0.0,0.0,0.0
24,train,0.7320120185613632,0.4927992820739746,0.03737018257379532,1.314968644330899,0.004375277674076149,0.0,0.0,0.0,0.0
25,train,0.7454207092523575,0.42166054248809814,0.02627401240170002,1.1341301711897056,0.00432242156855353,0.0,0.0,0.0,0.0
26,train,0.7467538863420486,0.5407923460006714,0.03844805806875229,1.053101286292076,0.004267766952966369,0.0,0.0,0.0,0.0
27,train,0.7508677393198013,0.48266223073005676,0.010983104817569256,0.8149381366868814,0.004211367764821722,0.0,0.0,0.0,0.0
28,train,0.7359463820854822,0.504289448261261,0.029952609911561012,0.930829606950283,0.00415327966330913,0.0,0.0,0.0,0.0
29,train,0.7452604720989863,0.4482293128967285,0.04201001301407814,0.8165036706874768,0.004093559974371725,0.0,0.0,0.0,0.0
30,train,0.734547900656859,0.5249105095863342,0.016110923141241074,1.0612527492145698,0.004032267634132442,0.0,0.0,0.0,0.0
31,train,0.7426238159338633,0.4315084218978882,0.11229025572538376,1.548419039696455,0.003969463130731184,0.0,0.0,0.0,0.0
32,train,0.7394346048434576,0.5286533236503601,0.03320987895131111,1.2366270124912262,0.0039052084446303276,0.0,0.0,0.0,0.0
33,train,0.7398633261521658,0.5133073329925537,0.014085901901125908,0.8903681758480767,0.0038395669874474922,0.0,0.0,0.0,0.0
34,train,0.7267255261540413,0.5278394818305969,0.03695708140730858,0.9584079226478934,0.003772603539375929,0.0,0.0,0.0,0.0
35,train,0.7403041472037634,0.42662951350212097,0.027550892904400826,1.1182915655275185,0.003704384185254289,0.0,0.0,0.0,0.0
36,train,0.7391816129287084,0.593696117401123,0.06109464541077614,1.2944561876356602,0.0036349762493488678,0.0,0.0,0.0,0.0
37,train,0.6048616096377373,0.49428197741508484,0.3962073028087616,1.6894014080365498,0.0035644482289126827,0.0,0.0,0.0,0.0
38,train,0.6755840554833412,0.35790514945983887,0.384937584400177,1.976308266321818,0.0034928697265869525,0.0,0.0,0.0,0.0
39,train,0.7817293256521225,0.5482869148254395,0.12886714935302734,1.7260977843155463,0.0034203113817116966,0.0,0.0,0.0,0.0
40,train,0.7481661314765612,0.4878399074077606,0.062128227204084396,1.1078257790456216,0.00334684480061323,0.0,0.0,0.0,0.0
41,train,0.7686575825015703,0.4705010652542114,0.03968002647161484,1.1131926625967026,0.00327254248593737,0.0,0.0,0.0,0.0
42,train,0.7303390937546889,0.5608050227165222,0.039021607488393784,1.4991524604459603,0.003197477765098075,0.0,0.0,0.0,0.0
43,train,0.7388300547997156,0.5270224809646606,0.021843792870640755,0.9314836099122962,0.003121724717912138,0.0,0.0,0.0,0.0
44,train,0.7295034304261208,0.4550878405570984,0.04591427743434906,1.0316954649363954,0.003045358103491358,0.0,0.0,0.0,0.0
45,train,0.6883720755577087,0.5189042687416077,0.05616368353366852,1.098703573147456,0.0029684532864643134,0.0,0.0,0.0,0.0
46,train,0.5892454236745834,0.42660337686538696,0.27286913990974426,1.3659897421797116,0.002891086162600579,0.0,0.0,0.0,0.0
47,train,0.6569510648647944,0.5937559604644775,0.678619384765625,4.474052881201108,0.0028133330839107628,0.0,0.0,0.0,0.0
48,train,0.38964475815494853,0.4568326473236084,0.5408865213394165,1.5621970842281978,0.0027352707832962874,0.0,0.0,0.0,0.0
49,train,0.40242542947332066,0.5671541094779968,0.6814072132110596,2.3634273459513984,0.0026569762988232853,0.0,0.0,0.0,0.0
50,train,0.47445135066906613,0.5484662055969238,0.5180374383926392,2.6924974620342255,0.0025785268976953224,0.0,0.0,0.0,0.0
51,train,0.4196373261511326,0.44753551483154297,0.6559743285179138,2.401881366968155,0.002500000000000002,0.0,0.0,0.0,0.0
52,train,0.36610796426733333,0.5324742197990417,0.632216215133667,1.9053041289250057,0.002421473102304681,0.0,0.0,0.0,0.0
53,train,0.32234028230110806,0.5055655837059021,0.6900979280471802,1.4141057233015697,0.0023430237011767183,0.0,0.0,0.0,0.0
54,train,0.259436037701865,0.4838750660419464,0.6748917102813721,1.2388265629609425,0.002264729216703716,0.0,0.0,0.0,0.0
55,train,0.2460401530067126,0.49572962522506714,0.7036094665527344,1.4846078058083851,0.0021866669160892412,0.0,0.0,0.0,0.0
56,train,0.29736872514088947,0.48052650690078735,0.7581595778465271,2.342965930700302,0.0021089138373994246,0.0,0.0,0.0,0.0
57,train,0.25535449137290317,0.5789904594421387,0.734892725944519,1.9904679531852405,0.00203154671353569,0.0,0.0,0.0,0.0
58,train,0.1837465868641933,0.4706491529941559,0.7289637327194214,1.4947137733300526,0.001954641896508646,0.0,0.0,0.0,0.0
59,train,0.24689219581584135,0.46800950169563293,0.6969031691551208,2.5369842648506165,0.0018782752820878643,0.0,0.0,0.0,0.0
60,train,0.2200803905725479,0.524147093296051,0.7509472966194153,2.267906293272972,0.0018025222349019286,0.0,0.0,0.0,0.0
61,train,0.1671459749341011,0.49191373586654663,0.7696695923805237,1.5829858084519703,0.0017274575140626336,0.0,0.0,0.0,0.0
62,train,0.14182783073435226,0.5289483666419983,0.8004312515258789,1.5122809434930484,0.001653155199386773,0.0,0.0,0.0,0.0
63,train,0.17426038471361002,0.5105335116386414,0.7961439490318298,2.1213303928573928,0.0015796886182883072,0.0,0.0,0.0,0.0
64,train,0.28710339218378067,0.48552554845809937,0.6993551254272461,2.678927391767502,0.0015071302734130493,0.0,0.0,0.0,0.0
65,train,0.15435567374030748,0.47655215859413147,0.7139964699745178,1.5776088188091915,0.0014355517710873194,0.0,0.0,0.0,0.0
66,train,0.14074921576927105,0.4975610077381134,0.7647015452384949,1.7748566965262096,0.001365023750651134,0.0,0.0,0.0,0.0
67,train,0.13000413620223603,0.47517135739326477,0.7615730166435242,2.053046507140001,0.0012956158147457123,0.0,0.0,0.0,0.0
68,train,0.12257969472557306,0.500545859336853,0.7925311326980591,1.6468820969263713,0.0012273964606240725,0.0,0.0,0.0,0.0
69,train,0.14676300870875517,0.5274662375450134,0.8061584234237671,1.9221772700548172,0.0011604330125525085,0.0,0.0,0.0,0.0
70,train,0.12096151694034536,0.5039047598838806,0.8047111630439758,2.0344131191571555,0.001094791555369674,0.0,0.0,0.0,0.0
71,train,0.11264791836341222,0.47237321734428406,0.7614889144897461,1.700341413418452,0.001030536869268818,0.0,0.0,0.0,0.0
72,train,0.13372327635685602,0.4534749686717987,0.7784446477890015,1.690963479379813,0.000967732365867559,0.0,0.0,0.0,0.0
73,train,0.09322247312714656,0.5242302417755127,0.8037614226341248,1.5055841604868572,0.0009064400256282761,0.0,0.0,0.0,0.0
74,train,0.10814440436661243,0.4611448347568512,0.7769807577133179,1.942208116253217,0.0008467203366908712,0.0,0.0,0.0,0.0
75,train,0.07768807979300618,0.4591532051563263,0.7635664343833923,1.3866405586401622,0.0007886322351782786,0.0,0.0,0.0,0.0
76,train,0.0646780162739257,0.5082201957702637,0.8251476287841797,1.2794385105371475,0.0007322330470336318,0.0,0.0,0.0,0.0
77,train,0.0658851422679921,0.4800856411457062,0.8096901774406433,1.1683379709720612,0.000677578431446472,0.0,0.0,0.0,0.0
78,train,0.083818617509678,0.44141411781311035,0.7762343287467957,1.67999521146218,0.0006247223259238514,0.0,0.0,0.0,0.0
79,train,0.06324714507597189,0.5417973399162292,0.8638054728507996,1.371953547000885,0.0005737168930605275,0.0,0.0,0.0,0.0
80,train,0.050893563233936824,0.462024062871933,0.8050958514213562,1.0382089676956336,0.0005246124690607743,0.0,0.0,0.0,0.0
81,train,0.0395339485257864,0.4973229169845581,0.8377791047096252,0.6384784144659837,0.00047745751406263196,0.0,0.0,0.0,0.0
82,train,0.03882136863345901,0.49604231119155884,0.8437536358833313,0.7318857250114282,0.000432298564313596,0.0,0.0,0.0,0.0
83,train,0.04024239877859751,0.5013707876205444,0.8436663746833801,1.1489975017805893,0.0003891801862449631,0.0,0.0,0.0,0.0
84,train,0.03726898032861451,0.4949694275856018,0.8342634439468384,0.8043807633221149,0.00034814493249014087,0.0,0.0,0.0,0.0
85,train,0.03583409000808994,0.508005678653717,0.8555834293365479,0.8377611140410105,0.00030923329989034125,0.0,0.0,0.0,0.0
86,train,0.03472994306745628,0.4810152053833008,0.8285403847694397,0.8249266892671585,0.0002724836895290807,0.0,0.0,0.0,0.0
87,train,0.035104153833041586,0.4939868450164795,0.8392410278320312,0.8091608261068662,0.00023793236883495176,0.0,0.0,0.0,0.0
88,train,0.03482236759737134,0.49043554067611694,0.8367733955383301,0.8280848531673352,0.00020561343579004784,0.0,0.0,0.0,0.0
89,train,0.030266354714209836,0.5000319480895996,0.8463633060455322,0.5337067196766535,0.00017555878527937175,0.0,0.0,0.0,0.0
90,train,0.0320792681692789,0.49162715673446655,0.8375074863433838,0.5670520973702272,0.00014779807761443648,0.0,0.0,0.0,0.0
91,train,0.030889491861065228,0.488739550113678,0.8349701166152954,0.6890254976848761,0.00012235870926211625,0.0,0.0,0.0,0.0
92,train,0.028573512759370107,0.4882582724094391,0.8351902365684509,0.5767739911874136,9.926578580764268e-05,0.0,0.0,0.0,0.0
93,train,0.029998959895844262,0.5034593343734741,0.8519032597541809,0.6313557103276253,7.854209717842264e-05,0.0,0.0,0.0,0.0
94,train,0.028343950825122494,0.4906604290008545,0.8399439454078674,0.4583304114639759,6.020809515313173e-05,0.0,0.0,0.0,0.0
95,train,0.027486852020956576,0.4862012565135956,0.8352203965187073,0.4908497134844462,4.428187317827823e-05,0.0,0.0,0.0,0.0
96,train,0.02774875001826634,0.49168112874031067,0.8397645354270935,0.4025406601528327,3.077914851215587e-05,0.0,0.0,0.0,0.0
97,train,0.027688784757629037,0.49486270546913147,0.8426966667175293,0.489628375818332,1.97132467138056e-05,0.0,0.0,0.0,0.0
98,train,0.027604184035832684,0.4936586916446686,0.841787576675415,0.45862153234581154,1.1095088492300017e-05,0.0,0.0,0.0,0.0
99,train,0.028321686356017988,0.4928780496120453,0.8410897254943848,0.4881611131131649,4.933178929321106e-06,0.0,0.0,0.0,0.0
100,train,0.027739070588722825,0.49276816844940186,0.8409819006919861,0.49439166734615964,1.2335990856710008e-06,0.0,0.0,0.0,0.0
101,train,0.027972650714218616,0.4927704632282257,0.8409807085990906,0.4586753013233344,0.0,0.0,0.0,0.0,0.0
102,train,0.02794341661501676,0.49268457293510437,0.8408764004707336,0.5336583039412895,1.233599085671e-06,0.0,0.0,0.0,0.0
103,train,0.026996205871303875,0.49322497844696045,0.8413940072059631,0.4454152937978506,4.933178929321102e-06,0.0,0.0,0.0,0.0
104,train,0.027067948365584016,0.4934796988964081,0.84171462059021,0.4246865554402272,1.1095088492300008e-05,0.0,0.0,0.0,0.0
105,train,0.029352827191663284,0.4925400912761688,0.8408166170120239,0.5224309315284094,1.971324671380531e-05,0.0,0.0,0.0,0.0
106,train,0.02784878675205012,0.4951467514038086,0.8430862426757812,0.536131472637256,3.0779148512155574e-05,0.0,0.0,0.0,0.0
107,train,0.027198633877560496,0.4923546016216278,0.8409331440925598,0.4547920661667983,4.428187317827847e-05,0.0,0.0,0.0,0.0
108,train,0.030572770512662828,0.4858695864677429,0.8351790308952332,0.6760070472955704,6.020809515313142e-05,0.0,0.0,0.0,0.0
109,train,0.028159810385356348,0.4940603971481323,0.8418740034103394,0.49155656434595585,7.854209717842203e-05,0.0,0.0,0.0,0.0
110,train,0.02788288627440731,0.5046870708465576,0.8517270684242249,0.542285718023777,9.926578580764205e-05,0.0,0.0,0.0,0.0
111,train,0.028055377576189738,0.4822395443916321,0.8300296068191528,0.5268881507217884,0.00012235870926211587,0.0,0.0,0.0,0.0
112,train,0.02930316235870123,0.496042400598526,0.8469101190567017,0.4893122762441635,0.00014779807761443635,0.0,0.0,0.0,0.0
113,train,0.026973227116589744,0.4975561201572418,0.8468570113182068,0.49867746606469154,0.00017555878527937132,0.0,0.0,0.0,0.0
114,train,0.02750464730585615,0.4893959164619446,0.8354170918464661,0.4580041679243247,0.00020561343579004681,0.0,0.0,0.0,0.0
115,train,0.028620466046656173,0.4940704107284546,0.8426848649978638,0.6664503253996372,0.00023793236883495073,0.0,0.0,0.0,0.0
116,train,0.0289521311254551,0.4948417842388153,0.845077633857727,0.5759688206017017,0.0002724836895290807,0.0,0.0,0.0,0.0
117,train,0.027724242613961298,0.4831014573574066,0.833389401435852,0.6275107301771641,0.0003092332998903412,0.0,0.0,0.0,0.0
118,train,0.028643966749465715,0.49404481053352356,0.8306605815887451,0.7070316647489866,0.00034814493249014076,0.0,0.0,0.0,0.0
119,train,0.027495405403897166,0.49103426933288574,0.8448764085769653,0.5741043823460737,0.00038918018624496193,0.0,0.0,0.0,0.0
120,train,0.028837416010598343,0.4953269064426422,0.8434455394744873,0.5937830942372481,0.00043229856431359473,0.0,0.0,0.0,0.0
121,train,0.028059317187095683,0.48845258355140686,0.848198413848877,0.5574700678698719,0.0004774575140626304,0.0,0.0,0.0,0.0
122,train,0.030936983569214743,0.5051665306091309,0.8445156216621399,0.7541554818550745,0.0005246124690607741,0.0,0.0,0.0,0.0
123,train,0.026256699153843027,0.4800300896167755,0.8292580246925354,0.516945352156957,0.0005737168930605267,0.0,0.0,0.0,0.0
124,train,0.03177009014567981,0.4982052743434906,0.8421162366867065,0.5722443225483099,0.0006247223259238506,0.0,0.0,0.0,0.0
125,train,0.03593443691109618,0.48794934153556824,0.8426860570907593,0.935948446393013,0.0006775784314464704,0.0,0.0,0.0,0.0
126,train,0.039477065399599574,0.49724069237709045,0.8425164818763733,1.1041002770264943,0.00073223304703363,0.0,0.0,0.0,0.0
127,train,0.040534843263837196,0.4987737238407135,0.8457852602005005,1.143612225850423,0.0007886322351782782,0.0,0.0,0.0,0.0
128,train,0.04237264674156904,0.48333075642585754,0.8284659385681152,1.087494969367981,0.0008467203366908698,0.0,0.0,0.0,0.0
129,train,0.054158664774149656,0.49798041582107544,0.8345354795455933,1.2146411227683227,0.0009064400256282758,0.0,0.0,0.0,0.0
130,train,0.03413351947286477,0.5036059021949768,0.8331209421157837,0.64481803526481,0.0009677323658675584,0.0,0.0,0.0,0.0
131,train,0.03359050497723123,0.4838405251502991,0.838995099067688,0.8109172321856022,0.0010305368692688165,0.0,0.0,0.0,0.0
132,train,0.038480564835481346,0.5114971399307251,0.8456939458847046,0.792030580341816,0.0010947915553696722,0.0,0.0,0.0,0.0
133,train,0.03484564057240883,0.4803171157836914,0.8329055905342102,0.7527188012997309,0.0011604330125525087,0.0,0.0,0.0,0.0
134,train,0.04192656154433886,0.49555137753486633,0.8220197558403015,1.1320904543002446,0.0012273964606240716,0.0,0.0,0.0,0.0
135,train,0.06316362228244543,0.5098137855529785,0.8378832936286926,1.8169882719715436,0.0012956158147457112,0.0,0.0,0.0,0.0
136,train,0.04461073533942302,0.48096051812171936,0.8421591520309448,1.0547959357500076,0.0013650237506511317,0.0,0.0,0.0,0.0
137,train,0.06582108962660034,0.5021851062774658,0.8258309960365295,1.4863999262452126,0.0014355517710873185,0.0,0.0,0.0,0.0
138,train,0.04422159291182955,0.4908323884010315,0.8278873562812805,1.0974723349014919,0.0015071302734130482,0.0,0.0,0.0,0.0
139,train,0.05908834266786774,0.4985924959182739,0.833098292350769,1.6073250373204548,0.0015796886182883043,0.0,0.0,0.0,0.0
140,train,0.07151214592158794,0.5058799982070923,0.8229963183403015,1.577602858344714,0.0016531551993867705,0.0,0.0,0.0,0.0
141,train,0.09449795245503385,0.4825262129306793,0.8345758318901062,1.5400754660367966,0.0017274575140626299,0.0,0.0,0.0,0.0
142,train,0.1351380073465407,0.4821782410144806,0.775829553604126,2.3962734639644623,0.001802522234901925,0.0,0.0,0.0,0.0
143,train,0.10075247342077394,0.5016058087348938,0.8069950938224792,1.860921209057172,0.001878275282087863,0.0,0.0,0.0,0.0
144,train,0.08710340418231984,0.5029695630073547,0.8396961688995361,1.5658299202720325,0.001954641896508643,0.0,0.0,0.0,0.0
145,train,0.05394026761253675,0.49922922253608704,0.8344430327415466,0.8112320974469185,0.0020315467135356875,0.0,0.0,0.0,0.0
146,train,0.0662598751174907,0.5069169998168945,0.8184529542922974,1.2705337417622407,0.0021089138373994215,0.0,0.0,0.0,0.0
147,train,0.07920555180559556,0.4822819232940674,0.8348304629325867,1.5662826697031658,0.0021866669160892373,0.0,0.0,0.0,0.0
148,train,0.06138119768972198,0.506981611251831,0.8391137719154358,1.2621017868320148,0.0022647292167037136,0.0,0.0,0.0,0.0
149,train,0.06736080876241128,0.4948195219039917,0.8038287162780762,1.3452486122647922,0.0023430237011767153,0.0,0.0,0.0,0.0
150,train,0.05766239746784171,0.5174447298049927,0.8480779528617859,1.1305970425407093,0.0024214731023046777,0.0,0.0,0.0,0.0
151,train,0.09038776749124129,0.43676280975341797,0.7615293860435486,2.0239694764216742,0.002499999999999998,0.0,0.0,0.0,0.0
152,train,0.10465166748811801,0.5188716650009155,0.8095313310623169,1.7705682168404262,0.002578526897695318,0.0,0.0,0.0,0.0
153,train,0.08840024812767903,0.48947015404701233,0.8188123106956482,1.3241017286976178,0.0026569762988232805,0.0,0.0,0.0,0.0
154,train,0.14511492600043616,0.5274345874786377,0.8616212606430054,2.256911707421144,0.0027352707832962848,0.0,0.0,0.0,0.0
155,train,0.09124780197938283,0.4730505049228668,0.7802077531814575,1.4216506232817967,0.002813333083910759,0.0,0.0,0.0,0.0
156,train,0.17542444821447134,0.5036420822143555,0.8347362279891968,2.3043612092733383,0.002891086162600575,0.0,0.0,0.0,0.0
157,train,0.1470018420368433,0.510811448097229,0.7573637962341309,1.5578253368536632,0.0029684532864643095,0.0,0.0,0.0,0.0
158,train,0.12034668556104104,0.5226796269416809,0.8277376890182495,1.4598089729746182,0.003045358103491354,0.0,0.0,0.0,0.0
159,train,0.08327049948275089,0.46450623869895935,0.7867134809494019,1.4214343118170898,0.003121724717912136,0.0,0.0,0.0,0.0
160,train,0.14005633241807422,0.5015419125556946,0.7931362390518188,1.8034966041644414,0.0031974777650980715,0.0,0.0,0.0,0.0
161,train,0.10017662572984894,0.5133412480354309,0.8178415894508362,1.660190410912037,0.0032725424859373665,0.0,0.0,0.0,0.0
162,train,0.07943710684776306,0.4932956397533417,0.8123992681503296,1.0729489214718342,0.003346844800613226,0.0,0.0,0.0,0.0
163,train,0.08675706254628797,0.4631718099117279,0.8200172185897827,2.8075050686796508,0.003420311381711692,0.0,0.0,0.0,0.0
164,train,0.11421563802286983,0.5179014205932617,0.7985669374465942,2.0489059885342917,0.003492869726586948,0.0,0.0,0.0,0.0
165,train,0.10456722974777222,0.5021624565124512,0.8263370990753174,1.8371657331784566,0.003564448228912678,0.0,0.0,0.0,0.0
166,train,0.12471394799649715,0.46757280826568604,0.8140857815742493,2.098884871850411,0.0036349762493488626,0.0,0.0,0.0,0.0
167,train,0.19247279005746046,0.505405068397522,0.7732101082801819,2.274709398547808,0.0037043841852542874,0.0,0.0,0.0,0.0
168,train,0.2453606252092868,0.5797449946403503,0.7925440669059753,3.302994524439176,0.0037726035393759274,0.0,0.0,0.0,0.0
169,train,0.12113775592297316,0.4963517487049103,0.8139435052871704,1.5308763980865479,0.0038395669874474905,0.0,0.0,0.0,0.0
170,train,0.13945197872817516,0.5513196587562561,0.8432180881500244,1.8144456247488658,0.003905208444630325,0.0,0.0,0.0,0.0
171,train,0.08758684111914287,0.4699225425720215,0.7799922227859497,1.5096894378463428,0.0039694631307311806,0.0,0.0,0.0,0.0
172,train,0.20571020369728407,0.4744773507118225,0.7390102744102478,2.4257438679536185,0.004032267634132438,0.0,0.0,0.0,0.0
173,train,0.20326904704173407,0.4914408028125763,0.7513514161109924,2.432468598087629,0.004093559974371721,0.0,0.0,0.0,0.0
174,train,0.2597882077097893,0.615606427192688,0.7869887948036194,2.774214501182238,0.0041532796633091265,0.0,0.0,0.0,0.0
175,train,0.14461285745104155,0.48578599095344543,0.7713093757629395,1.441941350698471,0.004211367764821717,0.0,0.0,0.0,0.0
176,train,0.1319378341237704,0.4635404348373413,0.7815578579902649,1.4157916282614071,0.004267766952966364,0.0,0.0,0.0,0.0
177,train,0.10285428531157474,0.5273424983024597,0.8516413569450378,1.5151479616761208,0.004322421568553525,0.0,0.0,0.0,0.0
178,train,0.19586277349541584,0.5345054268836975,0.8270204663276672,2.9788488199313483,0.004375277674076146,0.0,0.0,0.0,0.0
179,train,0.13225835468620062,0.4900158643722534,0.7813258171081543,1.3897629976272583,0.004426283106939471,0.0,0.0,0.0,0.0
180,train,0.12818687440206608,0.4980453848838806,0.7706348896026611,1.9622705330451329,0.004475387530939223,0.0,0.0,0.0,0.0
181,train,0.11771075582752626,0.48968055844306946,0.8240064382553101,1.4344138006369274,0.004522542485937367,0.0,0.0,0.0,0.0
182,train,0.11144189008822043,0.46691378951072693,0.7565895318984985,1.199176197250684,0.004567701435686402,0.0,0.0,0.0,0.0
183,train,0.14968291018158197,0.48095574975013733,0.8226611614227295,1.8785599246621132,0.004610819813755036,0.0,0.0,0.0,0.0
184,train,0.11296240861217181,0.5277841091156006,0.8179671168327332,2.117506667971611,0.004651855067509857,0.0,0.0,0.0,0.0
185,train,0.12063965077201526,0.4914979040622711,0.8078020215034485,1.7448621181150277,0.004690766700109657,0.0,0.0,0.0,0.0
186,train,0.10866742270688216,0.49111390113830566,0.7997410297393799,1.7898791879415512,0.004727516310470918,0.0,0.0,0.0,0.0
187,train,0.15481812693178654,0.4755113124847412,0.7088392376899719,1.7676025877396266,0.004762067631165047,0.0,0.0,0.0,0.0
188,train,0.08661894143248598,0.47820913791656494,0.8346943259239197,0.8658134837945303,0.0047943865642099525,0.0,0.0,0.0,0.0
189,train,0.39706295542418957,0.5889033079147339,0.8175378441810608,4.720921526352565,0.004824441214720627,0.0,0.0,0.0,0.0
190,train,0.3109245939801137,0.5300788879394531,0.6940487027168274,2.5097202956676483,0.0048522019223855625,0.0,0.0,0.0,0.0
191,train,0.1887329270442327,0.4366498589515686,0.6916757225990295,2.4527309015393257,0.004877641290737883,0.0,0.0,0.0,0.0
192,train,0.09684605337679386,0.5028297305107117,0.8151916861534119,1.1402804851531982,0.004900734214192356,0.0,0.0,0.0,0.0
193,train,0.2274306908560296,0.5513970255851746,0.8486307263374329,2.4528694823384285,0.004921457902821577,0.0,0.0,0.0,0.0
194,train,0.2861551058789094,0.5122257471084595,0.6955459117889404,2.3553324540456138,0.004939791904846867,0.0,0.0,0.0,0.0
195,train,0.16177866763124862,0.44953784346580505,0.7574568390846252,1.5182305114964645,0.004955718126821722,0.0,0.0,0.0,0.0
196,train,0.1312752366065979,0.5013691782951355,0.7693445086479187,2.0839297622442245,0.0049692208514878445,0.0,0.0,0.0,0.0
197,train,0.07862978645910819,0.5012359023094177,0.8266990780830383,0.9145653148492178,0.004980286753286194,0.0,0.0,0.0,0.0
198,train,0.2531364362997313,0.5922208428382874,0.8705341815948486,2.548246299227079,0.0049889049115077,0.0,0.0,0.0,0.0
199,train,0.10469371980677049,0.4624366760253906,0.729148268699646,0.9877596944570541,0.004995066821070679,0.0,0.0,0.0,0.0
200,train,0.09161349106580019,0.5025105476379395,0.8752404451370239,1.3211312840382259,0.004998766400914329,0.0,0.0,0.0,0.0
201,train,0.16982564702630043,0.5641195774078369,0.8462817668914795,1.9752156759301822,0.005,0.0,0.0,0.0,0.0
202,train,0.10544641859208544,0.4781322777271271,0.8050389885902405,1.0078411425153415,0.0049987664009143295,0.0,0.0,0.0,0.0
203,train,0.15204297192394733,0.520379364490509,0.835716962814331,1.3319856996337573,0.00499506682107068,0.0,0.0,0.0,0.0
204,train,0.10503384439895551,0.4993343651294708,0.7521753311157227,1.4935805052518845,0.004988904911507701,0.0,0.0,0.0,0.0
205,train,0.09295196381087105,0.4923364818096161,0.8137182593345642,1.3624749916295211,0.004980286753286196,0.0,0.0,0.0,0.0
206,train,0.15623936786626777,0.5350260734558105,0.8652188181877136,1.8691258107622464,0.004969220851487845,0.0,0.0,0.0,0.0
207,train,0.1146855140880992,0.4712978005409241,0.767221987247467,1.6726065774758656,0.004955718126821723,0.0,0.0,0.0,0.0
208,train,0.07979856881623466,0.4856729805469513,0.8149315714836121,1.0846323842803638,0.004939791904846869,0.0,0.0,0.0,0.0
209,train,0.11453050437072913,0.47734335064888,0.7875785827636719,1.875579319273432,0.004921457902821578,0.0,0.0,0.0,0.0
210,train,0.06274429041271408,0.47143447399139404,0.7784368991851807,1.2497650894025962,0.004900734214192358,0.0,0.0,0.0,0.0
211,train,0.059225610146919884,0.4816579520702362,0.8376662731170654,0.6792425053815047,0.004877641290737884,0.0,0.0,0.0,0.0
212,train,0.054801471531391144,0.49274295568466187,0.813374936580658,1.1301514406998951,0.004852201922385563,0.0,0.0,0.0,0.0
213,train,0.09093248766536514,0.50596022605896,0.8565658926963806,0.9803226130704085,0.004824441214720628,0.0,0.0,0.0,0.0
214,train,0.12348503898829222,0.49728575348854065,0.7546411752700806,1.3215884839495022,0.004794386564209952,0.0,0.0,0.0,0.0
215,train,0.18664852064102888,0.4735444188117981,0.7886741757392883,1.6254560475548108,0.004762067631165048,0.0,0.0,0.0,0.0
216,train,0.08375680260360241,0.4755639433860779,0.7540813684463501,0.888680117825667,0.004727516310470919,0.0,0.0,0.0,0.0
217,train,0.0658462243154645,0.5160865187644958,0.8694272041320801,0.8921523739894232,0.0046907667001096585,0.0,0.0,0.0,0.0
218,train,0.24843303176263967,0.5430528521537781,0.7931424379348755,3.5771808326244354,0.004651855067509859,0.0,0.0,0.0,0.0
219,train,0.24153382144868374,0.4496987462043762,0.6409189105033875,1.6380023310581844,0.004610819813755038,0.0,0.0,0.0,0.0
220,train,0.1828360501676798,0.5354146361351013,0.7816272377967834,1.4795592253406842,0.004567701435686403,0.0,0.0,0.0,0.0
221,train,0.21224664679418007,0.5558667182922363,0.8340415358543396,2.3723739807804427,0.004522542485937368,0.0,0.0,0.0,0.0
222,train,0.1943980997117857,0.5046688318252563,0.7614519596099854,1.755672166744868,0.004475387530939224,0.0,0.0,0.0,0.0
223,train,0.15340793024127683,0.49213528633117676,0.7669553160667419,1.873150038222472,0.004426283106939471,0.0,0.0,0.0,0.0
224,train,0.21718880347907543,0.4385243058204651,0.7202375531196594,1.377706381181876,0.004375277674076147,0.0,0.0,0.0,0.0
225,train,0.1423935800169905,0.5219088196754456,0.7138219475746155,1.6207551260789235,0.004322421568553527,0.0,0.0,0.0,0.0
226,train,0.21807923975090185,0.44362032413482666,0.8119968771934509,1.9950439035892487,0.004267766952966367,0.0,0.0,0.0,0.0
227,train,0.17432113519559303,0.5654521584510803,0.774020254611969,1.686002512772878,0.004211367764821721,0.0,0.0,0.0,0.0
228,train,0.13046616222709417,0.5080554485321045,0.7692397236824036,1.2826111192504566,0.004153279663309129,0.0,0.0,0.0,0.0
229,train,0.10798901940385501,0.4656885266304016,0.8156614303588867,1.1529985641439755,0.004093559974371724,0.0,0.0,0.0,0.0
230,train,0.08623176580294967,0.5050600171089172,0.7931075096130371,1.2954995011289914,0.004032267634132442,0.0,0.0,0.0,0.0
231,train,0.06178282340988517,0.4978232979774475,0.8357452154159546,0.6198403388261795,0.0039694631307311806,0.0,0.0,0.0,0.0
232,train,0.07709030927314113,0.5046544075012207,0.8272399306297302,3.3205043065051236,0.0039052084446303246,0.0,0.0,0.0,0.0
233,train,0.16853208591540655,0.5447068810462952,0.8233498930931091,2.2811088810364404,0.00383956698744749,0.0,0.0,0.0,0.0
234,train,0.12273314253737529,0.5143676400184631,0.8182753324508667,1.1011327790717285,0.003772603539375927,0.0,0.0,0.0,0.0
235,train,0.0984201964456588,0.4626808166503906,0.787462055683136,0.8447575072447459,0.0037043841852542874,0.0,0.0,0.0,0.0
236,train,0.0884440445030729,0.4844242334365845,0.7908084988594055,0.9098131110270818,0.003634976249348866,0.0,0.0,0.0,0.0
237,train,0.07822105090599507,0.5172691345214844,0.838727593421936,0.9502305785814921,0.003564448228912682,0.0,0.0,0.0,0.0
238,train,0.07833708853771289,0.4966474175453186,0.829786479473114,0.764080415169398,0.003492869726586952,0.0,0.0,0.0,0.0
239,train,0.069265257101506,0.4778943657875061,0.7723212242126465,0.9099680284659067,0.003420311381711696,0.0,0.0,0.0,0.0
240,train,0.06228479417040944,0.4763546586036682,0.8312297463417053,2.2133974321186543,0.00334684480061323,0.0,0.0,0.0,0.0
241,train,0.049953157625471555,0.5075582265853882,0.837312638759613,0.47186055903633434,0.003272542485937371,0.0,0.0,0.0,0.0
242,train,0.06616778733829658,0.4720363914966583,0.8221021294593811,0.8256115540862083,0.0031974777650980715,0.0,0.0,0.0,0.0
243,train,0.05809637694619596,0.5116549730300903,0.8148506283760071,0.8481256291270256,0.0031217247179121358,0.0,0.0,0.0,0.0
244,train,0.05730509338900447,0.48380428552627563,0.8084331750869751,0.8365532619257768,0.0030453581034913554,0.0,0.0,0.0,0.0
245,train,0.06496703267718355,0.5182973146438599,0.8661884665489197,1.010283747067054,0.0029684532864643113,0.0,0.0,0.0,0.0
246,train,0.054384137503802776,0.5053143501281738,0.8295958042144775,1.03825835014383,0.002891086162600577,0.0,0.0,0.0,0.0
247,train,0.05381541016201178,0.4710231423377991,0.8305359482765198,1.0715725347399712,0.0028133330839107606,0.0,0.0,0.0,0.0
248,train,0.04523196529286603,0.4923250377178192,0.7993208765983582,0.6935678074757258,0.0027352707832962865,0.0,0.0,0.0,0.0
249,train,0.0426685994801422,0.4833173453807831,0.8200066685676575,0.5301547516137362,0.0026569762988232844,0.0,0.0,0.0,0.0
250,train,0.05585976387374103,0.4873734414577484,0.8374350070953369,0.736995213975509,0.002578526897695323,0.0,0.0,0.0,0.0
251,train,0.05324714483382801,0.5185011029243469,0.8422480225563049,0.7213120609521866,0.0025000000000000022,0.0,0.0,0.0,0.0
252,train,0.05388345755636692,0.48196670413017273,0.8148181438446045,0.7260081159571806,0.0024214731023046777,0.0,0.0,0.0,0.0
253,train,0.0504251200084885,0.46815285086631775,0.8119782209396362,0.6257969588041306,0.0023430237011767157,0.0,0.0,0.0,0.0
254,train,0.037392067490145564,0.5071696639060974,0.8274182677268982,0.5756898907323679,0.0022647292167037136,0.0,0.0,0.0,0.0
255,train,0.03694900684058666,0.49434778094291687,0.8542938828468323,0.4077929879228274,0.002186666916089239,0.0,0.0,0.0,0.0
256,train,0.03203150234185159,0.4898263216018677,0.8409243226051331,0.35666165376702946,0.002108913837399421,0.0,0.0,0.0,0.0
257,train,0.041787194941813745,0.4783821105957031,0.8114807605743408,1.0533133534093697,0.002031546713535687,0.0,0.0,0.0,0.0
258,train,0.04034354413549105,0.4920642673969269,0.8401111364364624,0.564459585895141,0.001954641896508643,0.0,0.0,0.0,0.0
259,train,0.03373579925391823,0.5056313276290894,0.847927987575531,0.38549024301270646,0.0018782752820878626,0.0,0.0,0.0,0.0
260,train,0.03539348727402588,0.49239668250083923,0.8436266183853149,0.5580313491324583,0.0018025222349019269,0.0,0.0,0.0,0.0
261,train,0.027064618887379766,0.48351767659187317,0.8289375305175781,0.2781104588260253,0.001727457514062632,0.0,0.0,0.0,0.0
262,train,0.026918675750494003,0.5002473592758179,0.8413864374160767,0.3425740525126457,0.0016531551993867724,0.0,0.0,0.0,0.0
263,train,0.026204154632675152,0.499996542930603,0.8465449810028076,0.31171672729154426,0.0015796886182883065,0.0,0.0,0.0,0.0
264,train,0.026090877130627632,0.4829828143119812,0.8408190608024597,0.3402545104424159,0.001507130273413046,0.0,0.0,0.0,0.0
265,train,0.024615928375472624,0.48634564876556396,0.8377689123153687,0.32627572615941364,0.0014355517710873164,0.0,0.0,0.0,0.0
266,train,0.02347058868811776,0.5043559074401855,0.8525440096855164,0.24877699464559555,0.0013650237506511315,0.0,0.0,0.0,0.0
267,train,0.022259695455431938,0.48721665143966675,0.8382821679115295,0.3125602298726638,0.0012956158147457105,0.0,0.0,0.0,0.0
268,train,0.020590370792585116,0.4966219365596771,0.8455395102500916,0.22066243613759676,0.0012273964606240712,0.0,0.0,0.0,0.0
269,train,0.02057066831427316,0.4953521490097046,0.8484096527099609,0.20522711177666983,0.001160433012552508,0.0,0.0,0.0,0.0
270,train,0.019243381801061332,0.4942326843738556,0.8449925184249878,0.2201982190211614,0.0010947915553696736,0.0,0.0,0.0,0.0
271,train,0.018793410233532388,0.49372294545173645,0.843599259853363,0.19445371503631273,0.0010305368692688174,0.0,0.0,0.0,0.0
272,train,0.01850999395052592,0.49411988258361816,0.8460952639579773,0.20411171081165472,0.0009677323658675596,0.0,0.0,0.0,0.0
273,train,0.019392794308563072,0.4918610751628876,0.8419538140296936,0.23196768015623093,0.0009064400256282734,0.0,0.0,0.0,0.0
274,train,0.01797781461694588,0.4973304569721222,0.849646270275116,0.17064157873392105,0.0008467203366908682,0.0,0.0,0.0,0.0
275,train,0.017958498055425782,0.49018827080726624,0.8447684645652771,0.17671528520683447,0.0007886322351782769,0.0,0.0,0.0,0.0
276,train,0.01772782823536545,0.49356719851493835,0.8485062122344971,0.1904396495471398,0.00073223304703363,0.0,0.0,0.0,0.0
277,train,0.017825139065583546,0.4960460066795349,0.8495785593986511,0.18611279999216399,0.0006775784314464703,0.0,0.0,0.0,0.0
278,train,0.017239464136461418,0.4955224394798279,0.8490882515907288,0.1945277495930592,0.0006247223259238505,0.0,0.0,0.0,0.0
279,train,0.016693593293894082,0.4917142987251282,0.8422091603279114,0.1536425119265914,0.0005737168930605266,0.0,0.0,0.0,0.0
280,train,0.016998016081439953,0.4918157160282135,0.8461265563964844,0.1938658244907856,0.000524612469060774,0.0,0.0,0.0,0.0
281,train,0.017551423399709165,0.4936092793941498,0.8501572608947754,0.17270643139878908,0.0004774575140626317,0.0,0.0,0.0,0.0
282,train,0.01704182617443924,0.49260571599006653,0.8466022610664368,0.16187833032260338,0.00043229856431359603,0.0,0.0,0.0,0.0
283,train,0.01688638989192744,0.4967990517616272,0.8482769131660461,0.18271231589217982,0.00038918018624496296,0.0,0.0,0.0,0.0
284,train,0.016200290197351325,0.4918705224990845,0.8436732888221741,0.20339291046063104,0.0003481449324901396,0.0,0.0,0.0,0.0
285,train,0.016090036214639742,0.4926319718360901,0.8452813029289246,0.16722120313594738,0.00030923329989034006,0.0,0.0,0.0,0.0
286,train,0.016251017494748037,0.49422574043273926,0.8483380079269409,0.19691786728799343,0.00027248368952907957,0.0,0.0,0.0,0.0
287,train,0.016163592440231394,0.49142971634864807,0.845503568649292,0.1804915958394607,0.00023793236883495067,0.0,0.0,0.0,0.0
288,train,0.016416524498102564,0.4924018681049347,0.8455478549003601,0.1904718199123939,0.00020561343579004676,0.0,0.0,0.0,0.0
289,train,0.016651158570311964,0.49548962712287903,0.8494418859481812,0.1754379104822874,0.00017555878527937124,0.0,0.0,0.0,0.0
290,train,0.017100092392259587,0.4935651123523712,0.8476012349128723,0.1967448665139576,0.00014779807761443626,0.0,0.0,0.0,0.0
291,train,0.01654498962064584,0.4933299422264099,0.847339391708374,0.20690438958505789,0.00012235870926211636,0.0,0.0,0.0,0.0
292,train,0.016515031068896253,0.4935082793235779,0.8473812937736511,0.20212940002481142,9.926578580764254e-05,0.0,0.0,0.0,0.0
293,train,0.016494276622931164,0.49364474415779114,0.8477166295051575,0.1922372461607059,7.854209717842253e-05,0.0,0.0,0.0,0.0
294,train,0.016706845490261912,0.492931604385376,0.8468798995018005,0.17690383534257612,6.0208095153131925e-05,0.0,0.0,0.0,0.0
295,train,0.015979110612533987,0.49345266819000244,0.8474547266960144,0.17602396477013826,4.428187317827789e-05,0.0,0.0,0.0,0.0
296,train,0.016154859215021133,0.4938843548297882,0.8478719592094421,0.18269410574187836,3.0779148512155554e-05,0.0,0.0,0.0,0.0
297,train,0.015813797324274976,0.4937955439090729,0.8477208018302917,0.162558952656885,1.97132467138053e-05,0.0,0.0,0.0,0.0
298,train,0.01587740475467096,0.49405232071876526,0.8479920029640198,0.11634239585449298,1.1095088492300001e-05,0.0,0.0,0.0,0.0
299,train,0.01582131228254487,0.49408164620399475,0.8480297327041626,0.16353935499986014,4.933178929321099e-06,0.0,0.0,0.0,0.0
300,train,0.01582346767342339,0.49406400322914124,0.8480210900306702,0.16858122063179812,1.233599085670999e-06,0.0,0.0,0.0,0.0
301,train,0.01649522785252581,0.49405306577682495,0.8480086326599121,0.22149124989906946,0.0,0.0,0.0,0.0,0.0
302,train,0.01581294691034903,0.49405166506767273,0.848016083240509,0.16367543706049523,1.233599085671e-06,0.0,0.0,0.0,0.0
303,train,0.015866340060407918,0.4940342307090759,0.8479930758476257,0.18650815015037855,4.933178929321102e-06,0.0,0.0,0.0,0.0
304,train,0.01676918228622526,0.49412718415260315,0.8481606841087341,0.23399796585241953,1.1095088492299732e-05,0.0,0.0,0.0,0.0
305,train,0.01619048839590202,0.49416932463645935,0.8482112884521484,0.21192616472641626,1.971324671380503e-05,0.0,0.0,0.0,0.0
306,train,0.016229980858042836,0.493879497051239,0.8478047251701355,0.1445740908384323,3.0779148512155845e-05,0.0,0.0,0.0,0.0
307,train,0.01598807715345174,0.49327361583709717,0.8469556570053101,0.1729532741010189,4.428187317827846e-05,0.0,0.0,0.0,0.0
308,train,0.015779443725477904,0.493173211812973,0.8468940854072571,0.16265403789778551,6.0208095153131675e-05,0.0,0.0,0.0,0.0
309,train,0.015690602303948253,0.4929220974445343,0.8464683294296265,0.16411499368647733,7.854209717842229e-05,0.0,0.0,0.0,0.0
310,train,0.01620678009930998,0.4938306212425232,0.8478325605392456,0.2181086844454209,9.926578580764203e-05,0.0,0.0,0.0,0.0
311,train,0.01827997952932492,0.49434447288513184,0.848615825176239,0.16299462970346212,0.00012235870926211585,0.0,0.0,0.0,0.0
312,train,0.015696201007813215,0.4924388527870178,0.8458641171455383,0.1753866681829095,0.00014779807761443572,0.0,0.0,0.0,0.0
313,train,0.015871933739011485,0.4929034411907196,0.8458347916603088,0.15711899908880392,0.0001755587852793707,0.0,0.0,0.0,0.0
314,train,0.015898611551771562,0.49552762508392334,0.8490128517150879,0.15868542591730753,0.0002056134357900462,0.0,0.0,0.0,0.0
315,train,0.015975513340284426,0.49161702394485474,0.8449098467826843,0.14321582888563475,0.0002379323688349498,0.0,0.0,0.0,0.0
316,train,0.015591434086672962,0.49400919675827026,0.8459057211875916,0.1811786169807116,0.0002724836895290806,0.0,0.0,0.0,0.0
317,train,0.016607840506670375,0.4917438328266144,0.8458337187767029,0.18612045779203376,0.00030923329989034103,0.0,0.0,0.0,0.0
318,train,0.015804357108815264,0.4951120913028717,0.8503576517105103,0.20245095528662205,0.0003481449324901408,0.0,0.0,0.0,0.0
319,train,0.015579223477592071,0.4887602627277374,0.8427587151527405,0.2042960071315368,0.0003891801862449619,0.0,0.0,0.0,0.0
320,train,0.015737172216176987,0.49479010701179504,0.8484553694725037,0.16613468093176684,0.0004322985643135947,0.0,0.0,0.0,0.0
321,train,0.015913205531736214,0.4925673007965088,0.8446712493896484,0.19541279350717863,0.0004774575140626303,0.0,0.0,0.0,0.0
322,train,0.015446562470363764,0.4968523681163788,0.849543035030365,0.15247779510294399,0.0005246124690607726,0.0,0.0,0.0,0.0
323,train,0.016055931026736896,0.4958769381046295,0.851037859916687,0.1814200465256969,0.0005737168930605251,0.0,0.0,0.0,0.0
324,train,0.015719092800281942,0.4918381869792938,0.8480947613716125,0.20887016505002975,0.000624722325923849,0.0,0.0,0.0,0.0
325,train,0.015835867418597143,0.4945750832557678,0.8486394882202148,0.21817667037248611,0.0006775784314464684,0.0,0.0,0.0,0.0
326,train,0.0157407158985734,0.49408429861068726,0.8489315509796143,0.17889024751881757,0.000732233047033628,0.0,0.0,0.0,0.0
327,train,0.015801006307204563,0.4874044358730316,0.8408756256103516,0.2008181425432364,0.0007886322351782748,0.0,0.0,0.0,0.0
328,train,0.01683454782081147,0.49238085746765137,0.850031316280365,0.24707941027979055,0.0008467203366908695,0.0,0.0,0.0,0.0
329,train,0.01583299842119838,0.49875447154045105,0.8537834286689758,0.21869361711045107,0.0009064400256282714,0.0,0.0,0.0,0.0
330,train,0.016086426951612037,0.4902261793613434,0.8399338722229004,0.21720328057805696,0.0009677323658675572,0.0,0.0,0.0,0.0
331,train,0.01613231919084986,0.4901629090309143,0.8476227521896362,0.23145902529358864,0.0010305368692688115,0.0,0.0,0.0,0.0
332,train,0.016942560284708936,0.49298956990242004,0.8483445644378662,0.24762671440839767,0.0010947915553696712,0.0,0.0,0.0,0.0
333,train,0.016312534649235506,0.488720566034317,0.8426182866096497,0.24632705561816692,0.0011604330125525094,0.0,0.0,0.0,0.0
334,train,0.019906794535927474,0.5011592507362366,0.8503139615058899,0.32702003108958405,0.0012273964606240686,0.0,0.0,0.0,0.0
335,train,0.01909479343642791,0.49835121631622314,0.8597452640533447,0.4015570568541686,0.0012956158147457118,0.0,0.0,0.0,0.0
336,train,0.01968940436684837,0.49266576766967773,0.8381720781326294,0.3537340834736824,0.0013650237506511286,0.0,0.0,0.0,0.0
337,train,0.021900795089701813,0.49871599674224854,0.8525295853614807,0.31201128102838993,0.0014355517710873174,0.0,0.0,0.0,0.0
338,train,0.020497329455489915,0.48680394887924194,0.8388062119483948,0.30398136253158253,0.0015071302734130433,0.0,0.0,0.0,0.0
339,train,0.019804201011235516,0.49065637588500977,0.8437329530715942,0.24992659067114195,0.001579688618288303,0.0,0.0,0.0,0.0
340,train,0.019949053103725117,0.5041216611862183,0.8580071330070496,0.28764673384527367,0.0016531551993867648,0.0,0.0,0.0,0.0
341,train,0.02054771229935189,0.49199357628822327,0.8505359888076782,0.3294328513244788,0.001727457514062628,0.0,0.0,0.0,0.0
342,train,0.02222552173770964,0.4927820861339569,0.8326752185821533,0.5101419147104025,0.0018025222349019186,0.0,0.0,0.0,0.0
343,train,0.02172967791557312,0.4967172145843506,0.8470203280448914,0.35440945563217,0.001878275282087859,0.0,0.0,0.0,0.0
344,train,0.025181795780857403,0.49439674615859985,0.8453493714332581,0.41654520730177563,0.0019546418965086434,0.0,0.0,0.0,0.0
345,train,0.02074944053310901,0.4929361939430237,0.8437840342521667,0.36261973964671296,0.0020315467135356836,0.0,0.0,0.0,0.0
346,train,0.0238067777439331,0.489339143037796,0.8271797895431519,0.38099657247463864,0.002108913837399422,0.0,0.0,0.0,0.0
347,train,0.03361723036505282,0.49238020181655884,0.8608288764953613,0.5167619843656818,0.002186666916089234,0.0,0.0,0.0,0.0
348,train,0.03516645939089358,0.4914921224117279,0.8254737257957458,0.5975997373461723,0.0022647292167037127,0.0,0.0,0.0,0.0
349,train,0.02839843921052913,0.49720731377601624,0.8509051203727722,0.4096708657840888,0.00234302370117671,0.0,0.0,0.0,0.0
350,train,0.026294500528213877,0.506401777267456,0.8364599943161011,0.33404251746833324,0.002421473102304677,0.0,0.0,0.0,0.0
351,train,0.024214504519477487,0.48311465978622437,0.8525422215461731,0.34582191829880077,0.0024999999999999927,0.0,0.0,0.0,0.0
352,train,0.022887622898754973,0.4929177761077881,0.8423281311988831,0.325610863044858,0.002578526897695317,0.0,0.0,0.0,0.0
353,train,0.024932761793024838,0.5057758688926697,0.8519522547721863,0.44941312323013943,0.0026569762988232796,0.0,0.0,0.0,0.0
354,train,0.03616249980404973,0.4941335618495941,0.8417929410934448,0.6857914837698141,0.0027352707832962817,0.0,0.0,0.0,0.0
355,train,0.032937682854632534,0.4909225106239319,0.8338017463684082,0.4063141917188962,0.00281333308391076,0.0,0.0,0.0,0.0
356,train,0.039862268371507525,0.48816582560539246,0.8509508371353149,0.47941470456620056,0.002891086162600572,0.0,0.0,0.0,0.0
357,train,0.03856393353392681,0.496327668428421,0.8133056163787842,0.8219042879839739,0.00296845328646431,0.0,0.0,0.0,0.0
358,train,0.03659989149309695,0.48727163672447205,0.8427412509918213,0.7056296871354183,0.0030453581034913502,0.0,0.0,0.0,0.0
359,train,0.05584407287339369,0.4975724518299103,0.8308421969413757,1.6403684789935749,0.003121724717912134,0.0,0.0,0.0,0.0
360,train,0.034235814198230706,0.4814009666442871,0.8151341676712036,0.6235465730230013,0.0031974777650980654,0.0,0.0,0.0,0.0
361,train,0.035855745508645974,0.5139581561088562,0.870938241481781,1.00409572198987,0.0032725424859373652,0.0,0.0,0.0,0.0
362,train,0.031894834091266,0.49025046825408936,0.8208343982696533,0.5728748726348082,0.0033468448006132244,0.0,0.0,0.0,0.0
363,train,0.05376854368175069,0.4859401285648346,0.8352927565574646,0.8961644098162651,0.003420311381711691,0.0,0.0,0.0,0.0
364,train,0.04688341589644551,0.516930103302002,0.8580177426338196,0.9653967954218388,0.0034928697265869508,0.0,0.0,0.0,0.0
365,train,0.05420687235891819,0.4649384915828705,0.8067077398300171,1.1971033066511154,0.0035644482289126766,0.0,0.0,0.0,0.0
366,train,0.058066846802830696,0.5008750557899475,0.8088075518608093,2.6789843241373696,0.003634976249348865,0.0,0.0,0.0,0.0
367,train,0.10383254879464705,0.5304206013679504,0.8903619647026062,1.6984964273869991,0.003704384185254282,0.0,0.0,0.0,0.0
368,train,0.06261762254871428,0.47486168146133423,0.7868124842643738,0.8615864608436823,0.0037726035393759252,0.0,0.0,0.0,0.0
369,train,0.06687585668017466,0.49413418769836426,0.8265731334686279,0.7283952310681343,0.0038395669874474844,0.0,0.0,0.0,0.0
370,train,0.09103496791794896,0.4716954827308655,0.7855119109153748,1.499354640642802,0.0039052084446303233,0.0,0.0,0.0,0.0
371,train,0.10181140837570031,0.5126065611839294,0.8147045969963074,2.1890665913621583,0.00396946313073118,0.0,0.0,0.0,0.0
372,train,0.09157251690824826,0.4809572398662567,0.801474392414093,1.3383424157897632,0.0040322676341324375,0.0,0.0,0.0,0.0
373,train,0.11980719026178122,0.5205891728401184,0.8719578981399536,1.8553090542554855,0.00409355997437172,0.0,0.0,0.0,0.0
374,train,0.1233174791559577,0.5512877702713013,0.7669428586959839,1.1135134026408195,0.004153279663309125,0.0,0.0,0.0,0.0
375,train,0.09963965718634427,0.49089986085891724,0.8646742105484009,1.6878932441274326,0.00421136776482172,0.0,0.0,0.0,0.0
376,train,0.0715798834959666,0.4769817590713501,0.7651076316833496,1.2346339970827103,0.004267766952966364,0.0,0.0,0.0,0.0
377,train,0.09788691136054695,0.5129278302192688,0.8468626737594604,2.237946139027675,0.004322421568553527,0.0,0.0,0.0,0.0
378,train,0.1645164176200827,0.5614890456199646,0.8905201554298401,2.38572695851326,0.0043752776740761425,0.0,0.0,0.0,0.0
379,train,0.15005287008049586,0.47606462240219116,0.7505858540534973,1.8740608704586823,0.004426283106939469,0.0,0.0,0.0,0.0
380,train,0.07718662106587242,0.4498532712459564,0.7778443098068237,1.1696850322186947,0.004475387530939222,0.0,0.0,0.0,0.0
381,train,0.0658827042983224,0.5092885494232178,0.8609412312507629,0.7565341231723627,0.004522542485937364,0.0,0.0,0.0,0.0
382,train,0.07291075952040653,0.48572373390197754,0.8131574392318726,0.9498242164651552,0.0045677014356864006,0.0,0.0,0.0,0.0
383,train,0.05694563081488013,0.49265846610069275,0.8131410479545593,0.6733935636778673,0.004610819813755034,0.0,0.0,0.0,0.0
384,train,0.08250925162186225,0.4978195130825043,0.833354115486145,0.9824551592270533,0.004651855067509855,0.0,0.0,0.0,0.0
385,train,0.11404338696350654,0.48458898067474365,0.8147320747375488,1.1738667065898578,0.004690766700109655,0.0,0.0,0.0,0.0
386,train,0.1274070447931687,0.5157877206802368,0.7557353973388672,1.2880178292592366,0.004727516310470918,0.0,0.0,0.0,0.0
387,train,0.08339000861936559,0.47013965249061584,0.8622045516967773,1.137957567969958,0.004762067631165046,0.0,0.0,0.0,0.0
388,train,0.1547959541591505,0.5065442323684692,0.7227281332015991,3.489638259013494,0.004794386564209951,0.0,0.0,0.0,0.0
389,train,0.09609223995357752,0.45858556032180786,0.8010281920433044,1.0709274957577388,0.004824441214720626,0.0,0.0,0.0,0.0
390,train,0.07899118804683287,0.5011997222900391,0.7948734164237976,0.8994085888067881,0.004852201922385561,0.0,0.0,0.0,0.0
391,train,0.14696232539912066,0.5009475350379944,0.8047589063644409,1.858042761683464,0.004877641290737881,0.0,0.0,0.0,0.0
392,train,0.13450812051693598,0.538722038269043,0.8461019992828369,2.1025747756163278,0.004900734214192354,0.0,0.0,0.0,0.0
393,train,0.12300454018016656,0.4963686466217041,0.7926223278045654,1.300239697098732,0.004921457902821575,0.0,0.0,0.0,0.0
394,train,0.14841647756596407,0.4976179897785187,0.7519717216491699,1.903015213708083,0.004939791904846866,0.0,0.0,0.0,0.0
395,train,0.0871515489804248,0.5178565382957458,0.8306978344917297,1.0235845496257145,0.0049557181268217185,0.0,0.0,0.0,0.0
396,train,0.12101418098124365,0.46897608041763306,0.799589216709137,1.3572865227858226,0.004969220851487842,0.0,0.0,0.0,0.0
397,train,0.07738288290177782,0.48296621441841125,0.7640228867530823,1.1025768617788951,0.0049802867532861925,0.0,0.0,0.0,0.0
398,train,0.08364233871301015,0.4933140277862549,0.8479174971580505,1.0376104240616162,0.004988904911507697,0.0,0.0,0.0,0.0
399,train,0.07958219324549039,0.503654956817627,0.7605046033859253,1.1998873688280582,0.004995066821070676,0.0,0.0,0.0,0.0
400,train,0.11368376249447465,0.4694642424583435,0.8321294784545898,0.9498542832831541,0.004998766400914326,0.0,0.0,0.0,0.0
401,train,0.07974701762820284,0.5083534717559814,0.7860726714134216,0.9449242626627287,0.0049999999999999975,0.0,0.0,0.0,0.0
402,train,0.06212899057815472,0.49815040826797485,0.850567638874054,0.9281075696150461,0.004998766400914327,0.0,0.0,0.0,0.0
403,train,0.06331216869875789,0.5078078508377075,0.8566465973854065,0.7336796546975771,0.004995066821070678,0.0,0.0,0.0,0.0
404,train,0.10557614297916491,0.5184929370880127,0.8154304027557373,1.8709745506445568,0.004988904911507699,0.0,0.0,0.0,0.0
405,train,0.08577222912572324,0.4621540307998657,0.7913098335266113,1.240394248937567,0.004980286753286194,0.0,0.0,0.0,0.0
406,train,0.1219650749117136,0.5445462465286255,0.8588074445724487,1.8561702494819958,0.0049692208514878445,0.0,0.0,0.0,0.0
407,train,0.07126187051956852,0.4763789772987366,0.7758764028549194,1.0045512306193511,0.004955718126821721,0.0,0.0,0.0,0.0
408,train,0.0665053656945626,0.5152605175971985,0.8764737248420715,0.7437551220258077,0.004939791904846868,0.0,0.0,0.0,0.0
409,train,0.07276495002831022,0.4965256452560425,0.78071129322052,0.8137360562880834,0.004921457902821577,0.0,0.0,0.0,0.0
410,train,0.05068901018239558,0.4870353639125824,0.8479731678962708,0.6678177987535795,0.004900734214192358,0.0,0.0,0.0,0.0
411,train,0.06269420667861898,0.5246140360832214,0.860910177230835,1.5427830691138904,0.004877641290737884,0.0,0.0,0.0,0.0
412,train,0.04527579480782151,0.5027536749839783,0.8291156888008118,0.7833017421265444,0.004852201922385563,0.0,0.0,0.0,0.0
413,train,0.05486309470143169,0.4691028296947479,0.8120660185813904,1.1200298878053825,0.004824441214720629,0.0,0.0,0.0,0.0
414,train,0.07107818821289887,0.47677478194236755,0.8135878443717957,0.8781187733014425,0.0047943865642099525,0.0,0.0,0.0,0.0
415,train,0.0373793321972092,0.5035580396652222,0.826006293296814,0.466937401642402,0.004762067631165049,0.0,0.0,0.0,0.0
416,train,0.0329744495684281,0.48408451676368713,0.8424820303916931,0.3872271981090307,0.004727516310470918,0.0,0.0,0.0,0.0
417,train,0.030444773146882653,0.49994319677352905,0.853814423084259,0.5071974818905195,0.004690766700109658,0.0,0.0,0.0,0.0
418,train,0.02950788289308548,0.49301597476005554,0.844323456287384,0.44858165209492046,0.004651855067509858,0.0,0.0,0.0,0.0
419,train,0.027993915757785242,0.49927347898483276,0.846343457698822,0.2818189902851979,0.004610819813755037,0.0,0.0,0.0,0.0
420,train,0.02844594558700919,0.4911580979824066,0.8359614014625549,0.3091030741731326,0.004567701435686404,0.0,0.0,0.0,0.0
421,train,0.028827094240114093,0.491275817155838,0.8389186859130859,0.43391041706005734,0.004522542485937368,0.0,0.0,0.0,0.0
422,train,0.03174605251600345,0.4960176348686218,0.835015058517456,0.3738272258390983,0.004475387530939225,0.0,0.0,0.0,0.0
423,train,0.031484702097562454,0.47854137420654297,0.8504666090011597,0.5284310846279064,0.0044262831069394725,0.0,0.0,0.0,0.0
424,train,0.05197862504671017,0.5100220441818237,0.826622724533081,0.6455431779225668,0.0043752776740761485,0.0,0.0,0.0,0.0
425,train,0.036825905088335276,0.4886609613895416,0.8126608729362488,0.476501543695728,0.004322421568553525,0.0,0.0,0.0,0.0
426,train,0.025504817681697507,0.4855267107486725,0.8738628029823303,0.36201042619844276,0.004267766952966369,0.0,0.0,0.0,0.0
427,train,0.02745864276463787,0.4866526126861572,0.802544891834259,0.39490774398048717,0.004211367764821719,0.0,0.0,0.0,0.0
428,train,0.028640259445334475,0.5038929581642151,0.8493669629096985,0.3928002205987771,0.004153279663309127,0.0,0.0,0.0,0.0
429,train,0.029007147648371756,0.4925783574581146,0.841853141784668,0.3863756839806835,0.004093559974371722,0.0,0.0,0.0,0.0
430,train,0.02560891575800876,0.48413175344467163,0.8439170122146606,0.34555551782250404,0.00403226763413244,0.0,0.0,0.0,0.0
431,train,0.019640061732692022,0.4946874678134918,0.8476728200912476,0.3972207549959421,0.003969463130731182,0.0,0.0,0.0,0.0
432,train,0.03616573001878957,0.5007405877113342,0.840007483959198,0.6300951987504959,0.0039052084446303268,0.0,0.0,0.0,0.0
433,train,0.02888766226048271,0.4783760905265808,0.8248275518417358,0.4862365201115608,0.0038395669874474922,0.0,0.0,0.0,0.0
434,train,0.031635417214905225,0.4930271506309509,0.8389577865600586,0.46843220107257366,0.0037726035393759252,0.0,0.0,0.0,0.0
435,train,0.025059767998754978,0.49477264285087585,0.8404423594474792,0.5111005504926046,0.003704384185254289,0.0,0.0,0.0,0.0
436,train,0.029878667400528986,0.48963385820388794,0.8692513108253479,0.6443204612781605,0.0036349762493488647,0.0,0.0,0.0,0.0
437,train,0.028751975546280544,0.49966877698898315,0.8374059796333313,0.9928060583770275,0.003564448228912684,0.0,0.0,0.0,0.0
438,train,0.03873326427613696,0.5017935037612915,0.841228187084198,0.6784455080827078,0.00349286972658695,0.0,0.0,0.0,0.0
439,train,0.02923322368102769,0.4904036223888397,0.8460482358932495,0.5932582064221302,0.003420311381711694,0.0,0.0,0.0,0.0
440,train,0.030371330756073196,0.48460936546325684,0.8153053522109985,0.5045615881681442,0.0033468448006132275,0.0,0.0,0.0,0.0
441,train,0.03255223040468991,0.49489182233810425,0.856853723526001,0.5007056842247645,0.0032725424859373683,0.0,0.0,0.0,0.0
442,train,0.025583714013919234,0.49038249254226685,0.8293558359146118,0.4251419634868701,0.0031974777650980732,0.0,0.0,0.0,0.0
443,train,0.0260069720291843,0.501738429069519,0.8513129949569702,0.5601662856837114,0.0031217247179121336,0.0,0.0,0.0,0.0
444,train,0.023509337722013395,0.49066466093063354,0.8372533321380615,0.37390232024093467,0.0030453581034913576,0.0,0.0,0.0,0.0
445,train,0.024151816808929045,0.48853957653045654,0.8505795001983643,0.34330302104353905,0.0029684532864643087,0.0,0.0,0.0,0.0
446,train,0.02240971219725907,0.5011420845985413,0.8306562900543213,0.30575847749908763,0.002891086162600579,0.0,0.0,0.0,0.0
447,train,0.022235494456253946,0.48889315128326416,0.8512446880340576,0.2976953874652584,0.0028133330839107584,0.0,0.0,0.0,0.0
448,train,0.017850367507586878,0.487263023853302,0.8377273678779602,0.3725391464928786,0.0027352707832962887,0.0,0.0,0.0,0.0
449,train,0.018408042650359373,0.5042485594749451,0.8555682301521301,0.30887287730971974,0.0026569762988232822,0.0,0.0,0.0,0.0
450,train,0.020849718983906012,0.4907146990299225,0.8506104350090027,0.39419554360210896,0.0025785268976953202,0.0,0.0,0.0,0.0
451,train,0.0184148409559081,0.4837791621685028,0.8330056667327881,0.6355030620470643,0.0024999999999999996,0.0,0.0,0.0,0.0
452,train,0.020975207560695708,0.4924885630607605,0.8503819704055786,0.3771982093652089,0.002421473102304675,0.0,0.0,0.0,0.0
453,train,0.017169306559177738,0.504542350769043,0.8564064502716064,0.25053431031604606,0.002343023701176717,0.0,0.0,0.0,0.0
454,train,0.01703467802144587,0.4950598478317261,0.8436486124992371,0.37435659517844516,0.002264729216703711,0.0,0.0,0.0,0.0
455,train,0.015365326039803525,0.4812704026699066,0.83941251039505,0.18408756454785666,0.0021866669160892412,0.0,0.0,0.0,0.0
456,train,0.015691350175378222,0.5026413202285767,0.863017737865448,0.4457606462140878,0.0021089138373994207,0.0,0.0,0.0,0.0
457,train,0.017089543165639043,0.49347805976867676,0.8452902436256409,0.2870591462900241,0.002031546713535691,0.0,0.0,0.0,0.0
458,train,0.0166513049043715,0.4843495786190033,0.8428316712379456,0.1933358417203029,0.0019546418965086425,0.0,0.0,0.0,0.0
459,train,0.015053000456343094,0.5032331347465515,0.8605361580848694,0.19335195856789747,0.0018782752820878667,0.0,0.0,0.0,0.0
460,train,0.015005601065543791,0.4926225543022156,0.8416480422019958,0.29190135560929775,0.0018025222349019264,0.0,0.0,0.0,0.0
461,train,0.012267554935533553,0.4954901933670044,0.8496126532554626,0.14194072782993317,0.0017274575140626273,0.0,0.0,0.0,0.0
462,train,0.012321184001242122,0.4896845519542694,0.8480953574180603,0.15473549595723549,0.001653155199386772,0.0,0.0,0.0,0.0
463,train,0.011559080138492087,0.4902764558792114,0.8441734910011292,0.16139549917231003,0.0015796886182883017,0.0,0.0,0.0,0.0
464,train,0.012149124910744527,0.4984320402145386,0.8562766909599304,0.15054051081339517,0.0015071302734130498,0.0,0.0,0.0,0.0
465,train,0.011371047119610012,0.49203434586524963,0.8502757549285889,0.15643576780954996,0.0014355517710873161,0.0,0.0,0.0,0.0
466,train,0.011297828479049107,0.4912765622138977,0.848540186882019,0.11557647461692493,0.0013650237506511354,0.0,0.0,0.0,0.0
467,train,0.011528194804365436,0.4980984628200531,0.8552390336990356,0.1292291854818662,0.0012956158147457103,0.0,0.0,0.0,0.0
468,train,0.011343397083692253,0.48707762360572815,0.8464869260787964,0.16762599349021912,0.0012273964606240744,0.0,0.0,0.0,0.0
469,train,0.011619463039096445,0.4931257367134094,0.8490338921546936,0.20244194753468037,0.0011604330125525079,0.0,0.0,0.0,0.0
470,train,0.011138681749192378,0.48942068219184875,0.8402423858642578,0.1796505513290564,0.001094791555369677,0.0,0.0,0.0,0.0
471,train,0.011784052476286888,0.49859267473220825,0.8597519993782043,0.1552127137159308,0.0010305368692688174,0.0,0.0,0.0,0.0
472,train,0.011339688285564383,0.48839178681373596,0.8468834161758423,0.17032932800551256,0.000967732365867556,0.0,0.0,0.0,0.0
473,train,0.011166292999405414,0.500617265701294,0.8612736463546753,0.1877897068237265,0.0009064400256282768,0.0,0.0,0.0,0.0
474,train,0.011595852129782239,0.48438435792922974,0.8419709205627441,0.20119636630018553,0.0008467203366908684,0.0,0.0,0.0,0.0
475,train,0.010725009449136754,0.496244341135025,0.8509241938591003,0.1570911609257261,0.00078863223517828,0.0,0.0,0.0,0.0
476,train,0.0108052872819826,0.49606117606163025,0.8525998592376709,0.1304382300004363,0.0007322330470336299,0.0,0.0,0.0,0.0
477,train,0.010348015212609122,0.4913172125816345,0.8501306176185608,0.1328598620990912,0.0006775784314464734,0.0,0.0,0.0,0.0
478,train,0.010120288818143308,0.49429869651794434,0.8524463176727295,0.13494166235129038,0.0006247223259238508,0.0,0.0,0.0,0.0
479,train,0.010355049239781996,0.49279001355171204,0.8483403921127319,0.11455463307599227,0.0005737168930605298,0.0,0.0,0.0,0.0
480,train,0.009731254695604244,0.496203750371933,0.8534449934959412,0.11339206310609977,0.0005246124690607744,0.0,0.0,0.0,0.0
481,train,0.00949364498956129,0.4899637699127197,0.84561687707901,0.12108539619172613,0.00047745751406263467,0.0,0.0,0.0,0.0
482,train,0.00944494706345722,0.494642436504364,0.8512040376663208,0.12362812335292499,0.00043229856431359625,0.0,0.0,0.0,0.0
483,train,0.009291661670431495,0.4936237037181854,0.8513197898864746,0.10440282026926677,0.00038918018624496095,0.0,0.0,0.0,0.0
484,train,0.009393948110907028,0.49409908056259155,0.8526014089584351,0.1119826474847893,0.00034814493249014206,0.0,0.0,0.0,0.0
485,train,0.009197561749412367,0.4929225444793701,0.8500929474830627,0.09367118900020917,0.0003092332998903403,0.0,0.0,0.0,0.0
486,train,0.009119536630654087,0.49259424209594727,0.8495650291442871,0.10956606501713395,0.00027248368952908174,0.0,0.0,0.0,0.0
487,train,0.009340838917220632,0.4951391816139221,0.8537770509719849,0.11360653551916282,0.00023793236883495091,0.0,0.0,0.0,0.0
488,train,0.009109807569378367,0.4933464825153351,0.851445198059082,0.08542652986943722,0.00020561343579004896,0.0,0.0,0.0,0.0
489,train,0.009747996266620854,0.4929793179035187,0.8509520292282104,0.07904158361877005,0.00017555878527937153,0.0,0.0,0.0,0.0
490,train,0.009445854753721505,0.4933214783668518,0.8514438271522522,0.1011214420820276,0.00014779807761443822,0.0,0.0,0.0,0.0
491,train,0.009177346675035855,0.49440982937812805,0.8530296683311462,0.09607973151529829,0.00012235870926211636,0.0,0.0,0.0,0.0
492,train,0.008906874776585028,0.4937758147716522,0.8519822359085083,0.10127220116555691,9.926578580764143e-05,0.0,0.0,0.0,0.0
493,train,0.009182307093093792,0.4926028549671173,0.8506042957305908,0.08819203885893027,7.85420971784228e-05,0.0,0.0,0.0,0.0
494,train,0.008975586213637143,0.49280819296836853,0.8508774638175964,0.09515852093075712,6.0208095153131085e-05,0.0,0.0,0.0,0.0
495,train,0.008962758506337801,0.4931729733943939,0.8512187600135803,0.09783359554906686,4.428187317827899e-05,0.0,0.0,0.0,0.0
496,train,0.0096523779987668,0.49311622977256775,0.8512405753135681,0.11797078636785348,3.077914851215555e-05,0.0,0.0,0.0,0.0
497,train,0.008975516849507889,0.4933505356311798,0.8515127897262573,0.12798193407555422,1.9713246713805848e-05,0.0,0.0,0.0,0.0
498,train,0.009454080427531153,0.4934118390083313,0.8515412211418152,0.12193447134147088,1.10950884923e-05,0.0,0.0,0.0,0.0
499,train,0.008966119610704482,0.4933450222015381,0.8514468669891357,0.1000954182818532,4.933178929321376e-06,0.0,0.0,0.0,0.0
500,train,0.008884386566933244,0.49332883954048157,0.8514245748519897,0.08624564840768774,1.2335990856712763e-06,0.0,0.0,0.0,0.0
